fecha,Agua,Bosque,Pastos / vegetación baja,Agricultura / mosaico,Urbano / construido,Suelo desnudo,Humedal / zona húmeda
2024-12-08,866.07,107248.86,12512.43,4753.98,133.29,150.03,0.0
2024-01-23,857.97,49286.16,36796.59,34692.39,1274.85,325.8,0.0
2024-02-24,698.76,40290.75,35774.55,45149.31,3371.04,380.61,0.0
2024-11-06,53.55,94442.22,10269.27,5390.37,97.65,28.08,0.45
2024-01-07,649.08,79459.92,31391.73,13676.22,342.81,144.9,0.0
2024-01-08,59.13,17219.43,45830.52,34239.51,213.93,51.84,0.0
2024-06-15,0.0,1863.36,2594.43,4465.17,0.0,0.0,0.0
2024-04-12,0.0,26404.29,30032.55,47821.23,9376.2,171.18,0.0
2024-03-03,642.69,34686.72,33174.18,52268.76,4385.34,405.36,0.0
2024-11-30,195.93,109441.89,9762.93,4303.44,57.69,35.82,0.09
2024-01-03,242.91,66704.4,19170.09,7105.68,144.72,99.9,0.18
2024-01-15,844.11,63312.57,35926.65,22654.89,591.75,206.28,0.0
2024-08-26,97.11,109647.63,9954.9,5665.23,82.17,55.53,0.0
2024-01-31,11.43,24835.23,22732.74,38952.18,1108.53,27.99,0.0
2024-04-28,0.0,15453.54,55140.21,23523.3,1.26,0.0,0.0
2024-10-21,16.83,53764.2,5699.25,3302.01,7.74,41.85,0.0
2024-03-11,0.0,21266.28,22420.98,39154.95,2470.41,136.35,0.0
2024-09-11,0.27,30455.01,2885.58,1913.22,11.25,1.98,0.0
2024-07-01,121.32,55474.47,5087.43,4572.18,45.99,30.69,0.9
2024-08-18,0.0,40275.54,3556.08,2256.3,3.51,0.27,0.0
2024-05-14,0.0,34426.98,6396.93,2775.6,0.54,0.45,0.0
2024-05-06,0.0,10097.91,1737.09,934.56,1.62,5.85,0.0
2024-02-08,23.31,13124.43,9250.56,8595.36,696.33,37.44,0.09
2024-07-25,0.27,4455.81,591.93,327.6,0.0,0.0,0.0
2024-12-16,19.44,25356.87,4487.94,702.45,0.0,13.41,0.0
2024-03-27,0.0,0.0,229.23,51213.15,1551.51,0.0,0.0
2024-10-13,0.0,51994.71,8206.02,2767.14,0.0,0.0,0.0
2024-11-14,13.59,48038.13,8187.3,5307.75,20.61,5.22,0.0
