fecha,nubosidad_catalogo,estado,fraccion_util,motivo,id
2024-02-24,0.94,aceptada,0.9941,OK,LC08_L2SP_014051_20240224_02_T1
2024-01-14,1.0,aceptada,0.0433,OK,LE07_L2SP_013052_20240114_02_T2
2024-01-14,2.0,aceptada,0.1521,OK,LE07_L2SP_013051_20240114_02_T2
2024-01-15,3.3,descartada,0.0,Muy pocos píxeles útiles (0.0%),LC09_L2SP_014052_20240115_02_T1
2024-05-22,3.75,aceptada,0.9998,OK,LC09_L2SP_014051_20240522_02_T1
2024-02-08,4.45,aceptada,0.9528,OK,LC08_L2SP_014051_20240208_02_T1
2024-08-18,5.15,aceptada,0.9913,OK,LC08_L2SP_014051_20240818_02_T1
2024-03-03,7.41,aceptada,0.8177,OK,LC09_L2SP_014051_20240303_02_T1
2024-12-16,7.49,descartada,0.0,Muy pocos píxeles útiles (0.0%),LC09_L2SP_014052_20241216_02_T2
2024-03-11,7.53,aceptada,0.6961,OK,LC08_L2SP_014051_20240311_02_T1
2024-12-24,7.64,descartada,0.0,Muy pocos píxeles útiles (0.0%),LC08_L2SP_014052_20241224_02_T2
2024-11-06,7.7,descartada,0.0,Muy pocos píxeles útiles (0.0%),LC08_L2SP_014052_20241106_02_T2
2024-12-16,8.44,aceptada,0.9318,OK,LC09_L2SP_014051_20241216_02_T1
2024-10-21,9.2,aceptada,0.8483,OK,LC08_L2SP_014051_20241021_02_T1
2024-01-23,10.1,descartada,0.0,Muy pocos píxeles útiles (0.0%),LC08_L2SP_014052_20240123_02_T2
2024-04-04,10.21,aceptada,0.9707,OK,LC09_L2SP_014051_20240404_02_T1
2024-04-12,10.57,aceptada,0.6945,OK,LC08_L2SP_014051_20240412_02_T1
2024-11-06,10.75,aceptada,0.9986,OK,LC08_L2SP_014051_20241106_02_T1
2024-06-07,11.04,aceptada,0.9611,OK,LC09_L2SP_014051_20240607_02_T1
2024-09-11,11.1,aceptada,0.9355,OK,LC09_L2SP_014051_20240911_02_T1
2024-07-09,12.2,aceptada,0.5891,OK,LC09_L2SP_014051_20240709_02_T1
2024-02-16,12.34,aceptada,0.9999,OK,LC09_L2SP_014051_20240216_02_T1
2024-01-15,13.22,aceptada,0.837,OK,LC09_L2SP_014051_20240115_02_T1
2024-11-30,14.41,aceptada,0.562,OK,LC09_L2SP_014051_20241130_02_T1
2024-10-05,15.77,aceptada,0.7325,OK,LC08_L2SP_014051_20241005_02_T1
2024-11-22,16.18,aceptada,0.5234,OK,LC08_L2SP_014051_20241122_02_T2
2024-01-23,16.37,aceptada,0.8524,OK,LC08_L2SP_014051_20240123_02_T1
2024-05-22,19.2,descartada,0.0,Muy pocos píxeles útiles (0.0%),LC09_L2SP_014052_20240522_02_T1
2024-09-03,21.06,descartada,0.0,Muy pocos píxeles útiles (0.0%),LC08_L2SP_014052_20240903_02_T2
2024-03-27,22.51,aceptada,0.5799,OK,LC08_L2SP_014051_20240327_02_T1
2024-01-07,22.57,aceptada,0.3385,OK,LC08_L2SP_014051_20240107_02_T1
2024-03-19,22.69,aceptada,0.8043,OK,LC09_L2SP_014051_20240319_02_T1
2024-01-07,24.76,descartada,0.0,Muy pocos píxeles útiles (0.0%),LC08_L2SP_014052_20240107_02_T2
2024-07-25,25.1,aceptada,0.8579,OK,LC09_L2SP_014051_20240725_02_T1
2024-12-08,25.48,descartada,0.0287,Muy pocos píxeles útiles (2.9%),LC08_L2SP_014051_20241208_02_T1
2024-10-29,27.72,descartada,0.0,Muy pocos píxeles útiles (0.0%),LC09_L2SP_014051_20241029_02_T2
2024-04-28,28.55,aceptada,0.6705,OK,LC08_L2SP_014051_20240428_02_T1
2024-07-17,28.9,descartada,0.0269,Muy pocos píxeles útiles (2.7%),LC08_L2SP_014051_20240717_02_T1
2024-09-03,29.18,aceptada,0.8141,OK,LC08_L2SP_014051_20240903_02_T1
2024-10-05,30.84,descartada,0.0,Muy pocos píxeles útiles (0.0%),LC08_L2SP_014052_20241005_02_T2
2024-07-01,31.96,aceptada,0.39,OK,LC08_L2SP_014051_20240701_02_T1
2024-03-11,34.49,descartada,0.0,Muy pocos píxeles útiles (0.0%),LC08_L2SP_014052_20240311_02_T1
2024-08-18,35.21,descartada,0.0,Muy pocos píxeles útiles (0.0%),LC08_L2SP_014052_20240818_02_T1
2024-05-06,36.14,descartada,0.0,Muy pocos píxeles útiles (0.0%),LC09_L2SP_014052_20240506_02_T1
2024-08-02,37.9,aceptada,0.449,OK,LC08_L2SP_014051_20240802_02_T1
2024-05-06,38.52,aceptada,0.5395,OK,LC09_L2SP_014051_20240506_02_T1
2024-08-10,41.53,aceptada,0.3362,OK,LC09_L2SP_014051_20240810_02_T1
2024-09-27,44.12,aceptada,0.2632,OK,LC09_L2SP_014051_20240927_02_T1
2024-09-19,45.21,descartada,0.0,Muy pocos píxeles útiles (0.0%),LC08_L2SP_014052_20240919_02_T1
2024-04-20,52.87,aceptada,0.3717,OK,LC09_L2SP_014051_20240420_02_T1
2024-03-27,53.63,descartada,0.0,Muy pocos píxeles útiles (0.0%),LC08_L2SP_014052_20240327_02_T2
2024-11-14,54.15,descartada,0.0,Muy pocos píxeles útiles (0.0%),LC09_L2SP_014052_20241114_02_T2
2024-08-10,56.28,descartada,0.0,Muy pocos píxeles útiles (0.0%),LC09_L2SP_014052_20240810_02_T2
2024-05-14,58.78,aceptada,0.7008,OK,LC08_L2SP_014051_20240514_02_T1
2024-04-20,64.46,descartada,0.0,Muy pocos píxeles útiles (0.0%),LC09_L2SP_014052_20240420_02_T1
