"Nivel 1","Nivel 2","2024"
"Formación boscosa","",8977.214212375226
"Formación boscosa","Bosque",8977.214212375226
"Formación boscosa","Manglar",0
"Formación boscosa","Bosque inundable",0
"Formación boscosa","Vegetación leñosa sobre arena",0
"Formación natural no boscosa","",51.729158398437455
"Formación natural no boscosa","Formación natural no forestal inundable",0
"Formación natural no boscosa","Formación herbácea",0
"Formación natural no boscosa","Planicie de marea hipersalina",0
"Formación natural no boscosa","Afloramiento rocoso",0
"Formación natural no boscosa","Vegetación herbácea sobre arena",0
"Formación natural no boscosa","Otra formación natural no forestal",51.729158398437455
"Formación natural no boscosa","Herbazales o arbustales andinos",0
"Formación natural no boscosa","Herbazales o arbustales andinos inundables",0
"Área agropecuaria","",18063.83405993116
"Área agropecuaria","Silvicultura",5308.515119714882
"Área agropecuaria","Palma aceitera",0
"Área agropecuaria","Plátano y banano",0
"Área agropecuaria","Mosaico de agricultura o pasto",12755.318940216277
"Área sin vegetación","",10174.456661617274
"Área sin vegetación","Playas, dunas y bancos de arena",0
"Área sin vegetación","Infraestructura urbana",8670.251019604602
"Área sin vegetación","Minería",25.685884613037093
"Área sin vegetación","Otra área  natural sin vegetación",0
"Área sin vegetación","Otra área sin vegetación",1478.5197573996352
"Área sin vegetación","Parques solares",0
"Cuerpo de agua","",57.68119454345704
"Cuerpo de agua","Río, lago u océano",57.68119454345704
"Cuerpo de agua","Acuicultura",0
"Cuerpo de agua","Glaciar y nival",0