"Nivel 1","Nivel 2","1985","1986","1987","1988","1989","1990","1991","1992","1993","1994","1995","1996","1997","1998","1999","2000","2001","2002","2003","2004","2005","2006","2007","2008","2009","2010","2011","2012","2013","2014","2015","2016","2017","2018","2019","2020","2021","2022","2023","2024"
"Formación boscosa","","407911.77797072043","406500.8049524418","405596.6289194727","405031.3017575593","405141.03241564444","405212.62059268693","404847.9820246968","405466.2467553895","406680.5416659359","406354.34344990633","405644.98479031236","405427.87835587485","404874.3637832836","404841.3152136401","404715.1493851371","404191.47807094065","404877.2522762593","404156.9164192649","404117.54733960296","405356.19395520305","406160.9142031778","406310.39140981564","406286.06908169703","406357.4728716679","406226.6694178868","406419.72435262625","407119.1397337995","407348.42267172097","406967.6386607254","406643.396339622","407099.3429605422","407921.11116451223","407419.0928326164","406506.6480444777","406775.75586878083","406783.79620503925","405843.69198606955","405984.2015764782","406768.6758177306","407061.47581030865"
"Formación boscosa","Bosque","389868.4784729547","387529.49969107093","386918.57230981713","386161.0513145908","385909.35866807366","386136.4456085685","386811.0990088523","386433.2901864685","386277.4084961787","386136.6343895058","387347.2967653066","386700.06735824316","385445.4633744762","388759.19430522964","388128.6881508356","386506.5094445978","386324.7227630757","387487.2646979821","387626.0322995704","388313.77162253717","389590.59182427166","389478.1120979019","388464.6534121415","388453.6253054695","388269.8521891029","388473.93766822095","390048.5430473495","390294.17673283565","389362.10921302665","389554.76913907286","392187.0377756239","394415.74392061564","393715.4873380301","392096.5728000685","392692.3698069278","392380.4605969338","390079.986855497","391273.5260222238","392227.4928301572","392698.94839017314"
"Formación boscosa","Manglar","0","0","0","0","0","0","0","0","0","0","0","0","0","0","0","0","0","0","0","0","0","0","0","0","0","0","0","0","0","0","0","0","0","0","0","0","0","0","0","0"
"Formación boscosa","Bosque inundable","18043.299497765747","18971.305261370857","18678.056609655545","18870.250442968514","19231.67374757076","19076.17498411843","18036.88301584444","19032.956568920974","20403.13316975721","20217.70906040053","18297.688025005766","18727.810997631674","19428.900408807473","16082.120908410474","16586.46123430149","17684.968626342816","18552.529513183585","16669.651721282808","16491.51504003255","17042.4223326659","16570.32237890614","16832.279311913786","17821.41566955557","17903.847566198358","17956.81722878391","17945.786684405302","17070.596686450033","17054.245938885313","17605.52944769874","17088.627200549145","14912.305184918258","13505.367243896577","13703.605494586256","14410.075244409236","14083.386061853003","14403.33560810547","15763.705130572527","14710.675554254363","14541.182987573366","14362.52742013549"
"Formación boscosa","Vegetación leñosa sobre arena","0","0","0","0","0","0","0","0","0","0","0","0","0","0","0","0","0","0","0","0","0","0","0","0","0","0","0","0","0","0","0","0","0","0","0","0","0","0","0","0"
"Formación natural no boscosa","","2578.1664887573465","2166.8103128784296","2729.8646368676223","2770.128993105446","2693.63285728761","2747.259622546415","2443.065138765816","2603.9555252404393","2265.999550032913","2576.5885215661147","2651.084407399862","2513.08641582271","2663.2497234338043","2753.5034182641216","2695.956159005081","2856.7816026269074","2626.5453351525484","2790.701588088339","2798.6652102196845","2702.242542763617","2739.8425902184545","2700.6809731591457","2762.2229230492667","2759.9380077599676","2761.5221523339405","2745.5679690514744","2680.9001988976543","2708.012125582235","2695.880936165726","2748.211353475297","2429.9084700158037","2444.6020125878426","2475.223462390146","2662.616630609142","2631.7367908104975","2630.402715218459","2910.337836022944","2863.2573128356735","3005.082739459184","2979.151309493331"
"Formación natural no boscosa","Formación natural no forestal inundable","2554.162577587913","2140.12811322633","2704.7855204979933","2729.253236831032","2645.528123706067","2689.070587048368","2387.205278109078","2573.608139809531","2232.533918325149","2556.5079813195325","2620.385972567098","2480.781948348345","2643.259003731656","2707.0186207604593","2685.6932509606477","2796.9106145470737","2606.111249788779","2785.346861098593","2757.531724538532","2692.3382857262636","2712.094431124216","2680.8731194787256","2756.1552719567376","2732.7254423241766","2745.7293479882374","2723.528224385947","2639.0577206566873","2677.590262923544","2649.3934462914585","2703.866810445512","2383.878302962581","2422.021927047071","2430.1622349853606","2633.7071737182728","2596.313640865429","2587.664476210891","2870.373473986811","2819.2823711486617","2938.7988666198285","2955.244887191085"
"Formación natural no boscosa","Formación herbácea","0","0","0","0","0","0","0","0","0","0","0","0","0","0","0","0","0","0","0","0","0","0","0","0","0","0","0","0","0","0","0","0","0","0","0","0","0","0","0","0"
"Formación natural no boscosa","Planicie de marea hipersalina","0","0","0","0","0","0","0","0","0","0","0","0","0","0","0","0","0","0","0","0","0","0","0","0","0","0","0","0","0","0","0","0","0","0","0","0","0","0","0","0"
"Formación natural no boscosa","Afloramiento rocoso","0","0","0","0","0","0","0","0","0","0","0","0","0","0","0","0","0","0","0","0","0","0","0","0","0","0","0","0","0","0","0","0","0","0","0","0","0","0","0","0"
"Formación natural no boscosa","Vegetación herbácea sobre arena","0","0","0","0","0","0","0","0","0","0","0","0","0","0","0","0","0","0","0","0","0","0","0","0","0","0","0","0","0","0","0","0","0","0","0","0","0","0","0","0"
"Formación natural no boscosa","Otra formación natural no forestal","24.003911169433607","26.682199652099616","25.07911636962891","40.87575627441408","48.10473358154295","58.18903549804678","55.85986065673818","30.347385430908204","33.46563170776368","20.080540246582032","30.698434832763684","32.30446747436526","19.990719702148443","46.48479750366212","10.262908044433598","59.87098807983391","20.434085363769537","5.354726989746093","41.133485681152344","9.904257037353526","27.748159094238286","19.80785368041993","6.0676510925292995","27.212565435791028","15.792804345703129","22.039744665527348","41.84247824096681","30.42186265869142","46.487489874267524","44.34454302978516","46.03016705322267","22.580085540771467","45.06122740478517","28.90945689086914","35.42314994506836","42.73823900756835","39.96436203613282","43.97494168701172","66.28387283935548","23.906422302246092"
"Formación natural no boscosa","Herbazales o arbustales andinos","0","0","0","0","0","0","0","0","0","0","0","0","0","0","0","0","0","0","0","0","0","0","0","0","0","0","0","0","0","0","0","0","0","0","0","0","0","0","0","0"
"Formación natural no boscosa","Herbazales o arbustales andinos inundables","0","0","0","0","0","0","0","0","0","0","0","0","0","0","0","0","0","0","0","0","0","0","0","0","0","0","0","0","0","0","0","0","0","0","0","0","0","0","0","0"
"Área agropecuaria","","10905.00303745083","12321.163225555118","13272.407734851067","13711.315687988366","13543.83781525277","13574.18736207286","14143.397153369153","13651.063630395825","12787.60209073478","12855.675486907685","13361.563822351172","13831.26440603632","14171.481158948116","14087.49463507739","14307.319089020293","14584.162116858457","14269.874540631288","14906.15954946926","14988.852200805895","13986.637118115314","13058.833858545166","12847.099272009364","12949.620577771195","12758.311430432506","12850.406436761597","12621.511126727446","11882.940965967011","11635.354394854925","11974.479143255558","12241.939657104534","11915.746215429872","11213.154316724","11577.831081866794","12528.536370459158","12271.300064172656","12306.878489276323","13001.532948181359","12852.072584204698","11937.574260461652","11517.618061828876"
"Área agropecuaria","Silvicultura","0","0","0","0","0","0","0","0","0","0","0","0","0","0","0","0","0","0","0","0","0","0","0","0","0","0","0","0","0","0","0","0","0","0","0","0","0","0","0","0"
"Área agropecuaria","Palma aceitera","0","0","0","0","0","0","0","0","0","0","0","0","0","0","0","0","0","0","0","0","0","0","0","0","0","0","0","0","0","0","0","0","0","0","0","0","0","0","0","0"
"Área agropecuaria","Plátano y banano","0","0","0","0","0","0","0","0","0","0","0","0","0","0","0","0","0","0","0","0","0","0","0","0","0","0","0","0","0","0","0","0","0","0","0","0","0","0","0","0"
"Área agropecuaria","Mosaico de agricultura o pasto","10905.00303745083","12321.163225555118","13272.407734851067","13711.315687988366","13543.83781525277","13574.18736207286","14143.397153369153","13651.063630395825","12787.60209073478","12855.675486907685","13361.563822351172","13831.26440603632","14171.481158948116","14087.49463507739","14307.319089020293","14584.162116858457","14269.874540631288","14906.15954946926","14988.852200805895","13986.637118115314","13058.833858545166","12847.099272009364","12949.620577771195","12758.311430432506","12850.406436761597","12621.511126727446","11882.940965967011","11635.354394854925","11974.479143255558","12241.939657104534","11915.746215429872","11213.154316724","11577.831081866794","12528.536370459158","12271.300064172656","12306.878489276323","13001.532948181359","12852.072584204698","11937.574260461652","11517.618061828876"
"Área sin vegetación","","393.08904047851547","501.43255259399416","553.533692547608","1109.5129204772988","840.8924742858918","923.0398109191909","1070.5054897705104","588.0334569396981","421.780123687745","484.568317486573","1168.2431422607444","691.4704546691926","1231.0157847473192","1212.638171417236","880.0783075988797","543.3981877502448","402.87016971435656","378.3352342895523","396.34787272949404","365.84796994018745","1121.289437585449","886.1050323120163","860.0551788574247","616.5982218688979","788.5379979248085","613.3950997863788","1234.533361047366","1190.6567404357913","551.5851366394055","626.8623304748542","1543.6177795471172","1117.3892501770024","1103.2111839294437","951.0266427612324","1195.1369110717765","1447.6049861084048","1907.5540164062531","1783.9476431518592","1944.282659985354","1838.8131670715404"
"Área sin vegetación","Playas, dunas y bancos de arena","102.48281992797844","219.75622080078108","266.0629735046388","822.4845747192417","524.4401260070824","584.7409207946782","742.9987064880385","254.81838054199204","91.68711953125003","160.63121229858433","771.8097761962908","309.3924265991239","785.4453007507362","817.1850552673327","490.2428788818378","168.98846030883794","50.30579529418942","23.36898074951173","39.42044587402344","20.78051358032228","759.6361349792455","526.3235200378444","490.37652569580234","250.21611799316403","408.0700577453631","229.00426196899411","841.4046204040535","788.699666766356","142.76307498169004","205.11105225219748","1116.1588073181124","679.2318823242186","652.5697621582021","462.22146086425846","706.8660719604469","944.3539513061571","1382.9911392578147","1236.3743050048863","1296.661686181639","954.2847208313002"
"Área sin vegetación","Infraestructura urbana","214.08111887207028","229.95303369750997","234.67886910400432","238.86963442382876","247.25117052612381","254.1168371521006","258.3075500488292","260.3583437316905","262.9440912902841","267.313080877686","275.24871724243206","282.2034609008792","286.8400430664071","292.90325062866316","295.1323544372569","300.57151104126035","301.90896965942494","306.81305872802886","311.44963262329287","318.49362102661325","323.66537039795145","329.1044353149433","334.9893609558117","337.84269436645656","344.44087752685743","353.35744159546084","361.6498271057149","367.80226405639814","373.8655292297369","383.31743897094776","398.2083675109872","413.81259899902415","428.5253671386732","444.4863718688977","455.54320466308724","473.73381932983557","492.2808733032237","516.9807322570803","619.4358166626018","639.677263610846"
"Área sin vegetación","Minería","0","0","0","0","17.478651794433603","15.070978625488278","4.993931408691405","4.815572668457031","4.102158734130859","4.815593481445313","10.077041070556641","16.854466461181644","22.91847182006836","19.79728320922853","18.548811199951174","19.17304931030274","17.12200472412109","12.930699060058586","5.26150874633789","5.172329467773437","3.5671354736328134","2.942894836425782","3.745484704589845","4.10219647216797","3.2104209045410164","5.261488226318355","11.147148773193353","11.860539971923826","12.752306542968746","13.822426800537107","13.822431262207028","16.76529580688477","17.65705875854492","14.179172369384759","13.19821779785156","12.395626873779296","12.217286700439445","8.917729235839841","12.130809106445307","11.239024084472657"
"Área sin vegetación","Otra área  natural sin vegetación","5.177385870361328","0","0","0","0","0","0","0","0","0","0","0","0","0","0","0","0","0","0","0","0","0","0","0","0","0","0","0","0","0","0","0","0","0","0","0","0","0","0","219.69963439331005"
"Área sin vegetación","Otra área sin vegetación","71.34771580810542","51.72329809570311","52.79184993896482","48.15871133422851","51.72252595825196","69.1110743469238","64.20530182495118","68.04115999755858","63.04675413208","51.80843082885734","111.10760775146483","83.02010070800787","135.81196911010755","82.75258231201181","76.15426307983404","54.665167089843784","33.5334000366211","35.22249575195314","40.21628548583989","21.401505865478523","34.420796734619145","27.73418212280273","30.943807501220707","24.43721303710937","32.81664174804689","25.771907995605478","20.331764764404294","22.294269641113285","22.204225885009766","24.611412451171876","15.428173455810546","7.579473046875","4.4589958740234374","30.139637658691413","19.529416650390623","17.12158859863282","20.064717144775393","21.674876654052735","16.054348034667967","13.912524151611326"
"Área sin vegetación","Parques solares","0","0","0","0","0","0","0","0","0","0","0","0","0","0","0","0","0","0","0","0","0","0","0","0","0","0","0","0","0","0","0","0","0","0","0","0","0","0","0","0"
"Cuerpo de agua","","6990.679729806061","7288.5052237452","6626.281283465656","6156.456908075156","6559.320704745022","6321.6088789942","6273.76646061423","6469.416899249466","6622.792836828762","6507.540491351509","5952.840104876899","6315.016634808565","5838.605816796911","5883.764828826968","6180.21332645284","6602.89628904438","6602.173945459184","6546.603476098819","6477.303643853948","6367.794681189158","5697.836177697686","6034.439579913521","5920.748505835147","6286.3957354799095","6151.580262292624","6378.51771902481","5861.2020075074415","5896.270334625388","6589.132390435921","6518.3065865358185","5790.10084167484","6082.459523218003","6203.357706411309","6129.888578902767","5904.78663237935","5610.033871576063","5115.599480535352","5295.237150557945","5123.100789589983","5381.6579185182445"
"Cuerpo de agua","Río, lago u océano","6990.679729806061","7288.5052237452","6626.281283465656","6156.456908075156","6559.320704745022","6321.6088789942","6273.76646061423","6469.416899249466","6622.792836828762","6507.540491351509","5952.840104876899","6315.016634808565","5838.605816796911","5883.764828826968","6180.21332645284","6602.89628904438","6602.173945459184","6546.603476098819","6477.303643853948","6367.794681189158","5696.7661187499325","6032.299471765327","5918.69756922626","6283.7206035219015","6148.9051342103485","6375.664247693023","5858.259364495967","5893.060180810691","6586.100579956184","6515.274777691824","5786.890689666783","6079.69522927269","6200.950092885918","6126.5000778285485","5899.882222809038","5604.861941436902","5111.051751525342","5290.332735256431","5117.661345760637","5376.7535042238105"
"Cuerpo de agua","Acuicultura","0","0","0","0","0","0","0","0","0","0","0","0","0","0","0","0","0","0","0","0","1.0700589477539062","2.1401081481933595","2.0509366088867185","2.6751319580078126","2.6751280822753905","2.853471331787109","2.942643011474609","3.2101538146972652","3.031810479736328","3.03180884399414","3.21015200805664","2.7642939453124997","2.407613525390625","3.3885010742187496","4.904409570312502","5.17193013916016","4.547729010009766","4.904415301513675","5.439443829345709","4.904414294433597"
"Cuerpo de agua","Glaciar y nival","0","0","0","0","0","0","0","0","0","0","0","0","0","0","0","0","0","0","0","0","0","0","0","0","0","0","0","0","0","0","0","0","0","0","0","0","0","0","0","0"